{"epoch": 0, "itr": 583, "IS_mean": 0.0, "IS_std": 0.0, "FID": 382.9187444720978, "FAIR": 0.7042783540618014, "L1_FAIR": 0.996, "KL_FAIR": 0.6787199656977692, "_stamp": 1659020767.7036898}
